Position,Const,Created,Modified,Description,Title,URL,Title Type,IMDb Rating,Runtime (mins),Year,Genres,Num Votes,Release Date,Directors
1,tt8760708,2022-03-30,2023-11-28,"January 6th (Universal)
Budget: $12,000,000
Opening Weekend: $30,429,860
Domestic: $95,043,350
International: $84,930,104
Worldwide: $179,973,454

Status: Massive Sucess ",M3GAN,https://www.imdb.com/title/tt8760708/,movie,6.4,102,2022,"Horror, Sci-Fi, Thriller",135377,2022-12-07,Gerard Johnstone
2,tt5884796,2022-07-12,2023-09-20,"January 13th (Lionsgate)
Budget: $25,000,000
3-Day Opening Weekend: $10,265,326
4-Day: $11,835,674
Domestic: $32,111,181
International: $42,080,792
Worldwide: $74,191,973

Status: Success.",Plane,https://www.imdb.com/title/tt5884796/,movie,6.5,107,2023,"Action, Adventure, Thriller",73368,2023-01-11,Jean-François Richet
3,tt8005118,2022-10-14,2023-09-21,"January 13th (Warner Bros.)
Budget:
3-Day Opening Weekend: $3,985,882
4-Day: $4,615,002
Domestic: $9,002,247
International: $282,400
Worldwide: $9,284,647

Status: Unknown. ",House Party,https://www.imdb.com/title/tt8005118/,movie,4.4,100,2023,Comedy,4022,2023-01-12,Calmatic
4,tt10855768,2022-09-16,2023-09-21,"January 20th (Sony)
Budget: $7,000,000
Opening Weekend: $9,154,695
Domestic: $32,502,025
International: $16,265,823
Worldwide: $48,767,848

Status: Massive Success.",Missing,https://www.imdb.com/title/tt10855768/,movie,7.1,111,2023,"Drama, Mystery, Thriller",54956,2023-01-20,"Nicholas D. Johnson, Will Merrick"
5,tt14458442,2022-11-17,2023-11-28,"January 20th (Sony)
Budget:
Opening Weekend: $213,287
Domestic: $449,650
International: $3,168,031
Worldwide: $3,617,681

Status: Unknown. ",The Son,https://www.imdb.com/title/tt14458442/,movie,6.4,123,2022,Drama,14281,2022-09-07,Florian Zeller
6,tt12121582,2022-12-01,2023-01-31,"January 20th (A24)
Budget:
Opening Weekend: $140,969
Domestic: $196,920
International:
Worldwide: $196,920

Status: Unknown. ",When You Finish Saving the World,https://www.imdb.com/title/tt12121582/,movie,5.6,88,2022,"Comedy, Drama",3739,2022-01-20,Jesse Eisenberg
7,tt10365998,2023-09-06,2023-09-06,"January 27th (Neon)
Budget: 
Opening Weekend: $2,514,364
Domestic: $5,078,400
International: $105,024
Worldwide: $5,183,424

Status: Unknown.",Infinity Pool,https://www.imdb.com/title/tt10365998/,movie,6.0,117,2023,"Crime, Horror, Mystery, Sci-Fi, Thriller",50183,2023-01-21,Brandon Cronenberg
8,tt15679400,2022-03-30,2023-05-23,"February 3rd (Universal) 
Budget: $20,000,000
Opening Weekend: $14,127,170
Domestic: $35,397,980
International: $19,362,735
Worldwide: $54,760,715

Status: Success.",Knock at the Cabin,https://www.imdb.com/title/tt15679400/,movie,6.1,100,2023,"Horror, Mystery, Thriller",108876,2023-01-24,M. Night Shyamalan
9,tt18079362,2022-10-14,2023-09-21,"February 3rd (Paramount)
Budget: $28,000,000
Opening Weekend: $12,701,640
Domestic: $39,330,588
International: $1,032,350
Worldwide: $40,362,938

Status: Flop.",80 for Brady,https://www.imdb.com/title/tt18079362/,movie,5.8,98,2023,"Biography, Comedy, Drama, Sport",10614,2023-01-06,Kyle Marvin
10,tt16280138,2022-09-16,2023-09-21,"February 10th (Warner Bros.)
Budget: $45,000,000
Opening Weekend: $8,305,317
Domestic: $26,005,156
International: $31,100,000
Worldwide: $57,105,156

Status: Flop.",Magic Mike's Last Dance,https://www.imdb.com/title/tt16280138/,movie,5.2,112,2023,"Comedy, Drama",15391,2023-02-08,Steven Soderbergh
11,tt10954600,2022-03-30,2023-06-27,"February 17th (Disney/Marvel Studios) 
Budget: $200,000,000
3-Day Opening Weekend: $106,109,650
4-Day: $120,394,617
Domestic: $214,504,909
International: $261,566,271
Worldwide: $476,071,180

Status: Flop.",Ant-Man and the Wasp: Quantumania,https://www.imdb.com/title/tt10954600/,movie,6.1,124,2023,"Action, Adventure, Comedy, Sci-Fi",217395,2023-02-15,Peyton Reed
12,tt14209916,2022-05-02,2023-11-28,"February 24th (Universal) 
Budget: $30,000,000
Opening Weekend: $23,260,790
Domestic: $64,388,510
International: $23,642,707
Worldwide: $88,031,217

Status: Success.",Cocaine Bear,https://www.imdb.com/title/tt14209916/,movie,5.9,95,2023,"Comedy, Thriller",101791,2023-02-22,Elizabeth Banks
13,tt10098448,2022-06-16,2023-11-28,"February 24th (Lionsgate) 
Budget: $15,000,000
Opening Weekend: $15,802,615
Domestic: $52,102,987
International: $2,133,413
Worldwide: $54,236,400

Status: Success.",Jesus Revolution,https://www.imdb.com/title/tt10098448/,movie,7.1,120,2023,Drama,12687,2023-02-23,"Brent McCorkle, Jon Erwin"
14,tt23177868,2023-04-18,2023-11-28,"February 24th (Warner Bros.)
Budget:
Opening Weekend: $422,183
Domestic: $4,275,970
International: $50,100,000
Worldwide: $54,375,970

Status: Unknown.",Mummies,https://www.imdb.com/title/tt23177868/,movie,5.9,88,2023,"Animation, Adventure, Comedy, Crime, Drama, Family, Fantasy, Musical, Romance",8492,2023-01-05,Juan Jesús García Galocha
15,tt11145118,2022-07-12,2023-06-27,"March 3rd (MGM) 
Budget: $75,000,000
Opening Weekend: $58,370,007
Domestic: $156,248,615
International: $119,000,000
Worldwide: $275,248,615

Status: Success.",Creed III,https://www.imdb.com/title/tt11145118/,movie,6.7,116,2023,"Drama, Sport",88363,2023-03-01,Michael B. Jordan
16,tt7985704,2023-02-13,2023-11-28,"March 3rd (Lionsgate)
Budget: $50,000,000
Opening Weekend: $3,160,000
Domestic: $6,496,125
International: $42,595,526
Worldwide: $49,091,651

Status: Massive Flop.",Operation Fortune: Ruse de Guerre,https://www.imdb.com/title/tt7985704/,movie,6.3,114,2023,"Action, Comedy, Thriller",78814,2023-01-03,Guy Ritchie
17,tt26537229,2023-02-03,2023-05-02,"March 3rd (Sony/Crunchyroll) 
Budget:
Opening Weekend: $10,117,806
Domestic: $10,117,806
International: $46,001,598
Worldwide: $56,119,404

Status: Unknown.",Demon Slayer: Kimetsu No Yaiba - To the Swordsmith Village,https://www.imdb.com/title/tt26537229/,movie,7.5,110,2023,"Animation, Action, Adventure, Fantasy, Thriller",10012,2023-02-03,Haruo Sotozaki
18,tt17663992,2022-12-23,2023-09-21,"March 10th (Paramount)
Budget: $33,000,000
Opening Weekend: $44,447,270
Domestic: $108,161,389
International: $60,800,000
Worldwide: $168,961,389

Status: Massive Success.",Scream VI,https://www.imdb.com/title/tt17663992/,movie,6.5,122,2023,"Horror, Mystery, Thriller",113665,2023-03-08,"Matt Bettinelli-Olpin, Tyler Gillett"
19,tt12261776,2022-12-23,2023-06-27,"March 10th (Sony)
Budget: $45,000,000
Opening Weekend: $12,328,361
Domestic: $32,062,904
International: $28,667,664
Worldwide: $60,730,568

Status: Flop.",65,https://www.imdb.com/title/tt12261776/,movie,5.4,93,2023,"Action, Adventure, Drama, Sci-Fi, Thriller",82784,2023-03-02,"Scott Beck, Bryan Woods"
20,tt15339570,2022-07-08,2023-11-28,"March 10th (Universal/Focus Features) 
Budget:
Opening Weekend: $5,148,740
Domestic: $16,271,910
International: $2,635,037
Worldwide: $18,906,947

Status: Unknown.",Champions,https://www.imdb.com/title/tt15339570/,movie,6.8,124,2023,"Comedy, Drama, Sport",23202,2023-03-09,Bobby Farrelly
21,tt10151854,2022-08-24,2023-09-21,"March 17th (Warner Bros.)
Budget: $125,000,000
Opening Weekend: $30,111,158
Domestic: $57,638,006
International: $76,200,000
Worldwide: $133,838,006

Status: Flop.",Shazam! Fury of the Gods,https://www.imdb.com/title/tt10151854/,movie,6.0,130,2023,"Action, Adventure, Comedy, Fantasy",118126,2023-03-15,David F. Sandberg
22,tt14781036,2022-10-15,2023-09-21,"March 17th (Universal/Focus Features)
Budget: 
Opening Weekend: $510,110
Domestic: $897,190
International: $433,625
Worldwide: $1,330,815

Status: Unknown.",Inside,https://www.imdb.com/title/tt14781036/,movie,5.5,105,2023,"Drama, Thriller",14842,2023-02-20,Vasilis Katsoupis
23,tt10366206,2022-03-30,2023-11-28,"March 24th (Lionsgate) 
Budget: $100,000,000
Opening Weekend: $73,817,950
Domestic: $187,131,806
International: $253,014,888
Worldwide: $440,146,694

Status: Massive Success.",John Wick: Chapter 4,https://www.imdb.com/title/tt10366206/,movie,7.7,169,2023,"Action, Crime, Thriller",313359,2023-03-13,Chad Stahelski
24,tt14153080,2022-08-26,2023-11-28,"March 24th (MGM) 
Budget:
Opening Weekend: $834,018
Domestic: $2,210,465
International: $478,103
Worldwide: $2,688,568

Status: Unknown",A Good Person,https://www.imdb.com/title/tt14153080/,movie,7.1,128,2023,Drama,18815,2023-03-12,Zach Braff
25,tt2906216,2022-03-30,2023-06-06,"March 31st (Paramount) 
Budget: $150,000,000
Opening Weekend: $37,205,784
Domestic: $93,277,026
International: $114,900,000
Worldwide: $208,177,026

Status: Flop.",Dungeons & Dragons: Honor Among Thieves,https://www.imdb.com/title/tt2906216/,movie,7.3,134,2023,"Action, Adventure, Comedy, Fantasy",210108,2023-03-10,"Jonathan Goldstein, John Francis Daley"
26,tt12427158,2023-02-25,2023-09-21,"March 31st (Universal/Focus Features)
Budget: 
Opening Weekend: $1,795,695
Domestic: $3,400,020
International: $63,660
Worldwide: $3,463,680

Status: Unknown.",A Thousand and One,https://www.imdb.com/title/tt12427158/,movie,7.0,117,2023,"Crime, Drama",5468,2023-01-22,A.V. Rockwell
27,tt11698800,2023-09-06,2023-09-06,"March 31st (Neon)
Budget: 
Opening Weekend: $74,781
Domestic: $189,579
International: $360,204
Worldwide: $549,783

Status: Unknown.",Enys Men,https://www.imdb.com/title/tt11698800/,movie,5.7,96,2022,"Fantasy, Horror, Mystery",2943,2022-05-20,Mark Jenkin
28,tt6718170,2022-04-26,2023-12-27,"April 5th (Wednesday) (Universal) 
Budget: $100,000,000
Opening Weekend: $146,361,865
5-Day Opening: $204,630,730
Domestic: $574,934,330
International: $786,433,023
Worldwide: $1,361,367,353

Status: Massive Success.",The Super Mario Bros. Movie,https://www.imdb.com/title/tt6718170/,movie,7.0,92,2023,"Animation, Adventure, Comedy, Family, Fantasy",219485,2023-04-01,"Michael Jelenic, Aaron Horvath, Pierre Leduc, Fabien Polack"
29,tt16419074,2023-01-23,2023-11-28,"April 5th (Wednesday) (Amazon) 
Budget: $90,000,000
Opening Weekend: $14,456,279
5-Day Opening: $20,204,133
Domestic: $52,460,106
International: $37,600,000
Worldwide: $90,060,106

Status: Flop.",Air,https://www.imdb.com/title/tt16419074/,movie,7.4,111,2023,"Drama, Sport",156001,2023-03-18,Ben Affleck
30,tt21440780,2023-09-06,2023-11-28,"April 7th (Neon)
Budget: 
Opening Weekend: $115,453
Domestic: $750,010
International: $296,801
Worldwide: $1,046,811

Status: Unknown.",How to Blow Up a Pipeline,https://www.imdb.com/title/tt21440780/,movie,7.0,104,2022,"Action, Crime, Drama, Thriller",8214,2022-09-10,Daniel Goldhaber
31,tt11358390,2022-03-30,2023-12-27,"April 14th (Universal) 
Budget: $65,000,000
Opening Weekend: $8,026,475
Domestic: $17,297,895
International: $9,196,026
Worldwide: $26,493,921

Status: Massive Flop.",Renfield,https://www.imdb.com/title/tt11358390/,movie,6.4,93,2023,"Comedy, Fantasy, Horror",86715,2023-03-30,Chris McKay
32,tt13521006,2023-01-10,2023-11-28,"April 14th (A24) 
Budget: $35,000,000
Opening Weekend: $320,396
Domestic: $8,176,562
International: $3,303,516
Worldwide: $11,480,078

Status: Massive Flop.",Beau Is Afraid,https://www.imdb.com/title/tt13521006/,movie,6.7,179,2023,"Comedy, Drama, Horror",50771,2023-04-01,Ari Aster
33,tt13375076,2023-02-18,2023-11-28,"April 14th (Sony)
Budget: $18,000,000
Opening Weekend: $9,006,368
Domestic: $20,009,380
International: $56,978,241
Worldwide: $76,987,621

Status: Massive Success.",The Pope's Exorcist,https://www.imdb.com/title/tt13375076/,movie,6.1,103,2023,"Horror, Thriller",77497,2023-04-05,Julius Avery
34,tt16428256,2022-12-06,2023-11-28,"April 14th (Sony/Crunchyroll)
Budget: 
Opening Weekend: $5,001,705
Domestic: $10,930,103
International: $312,708,004
Worldwide: $323,638,107

Status: Unknown.

EDIT: Since this a 2022 movie, this won't be in the Worldwide list this year. It was a 2022 release on its Domestic market (Japan) and only now is releasing in the US.",Suzume no Tojimari,https://www.imdb.com/title/tt16428256/,movie,7.7,122,2022,"Animation, Action, Adventure, Fantasy",31884,2022-11-11,Makoto Shinkai
35,tt13345606,2022-08-24,2023-08-01,"April 21st (Warner Bros.)
Budget: $19,000,000
Opening Weekend: $24,504,315
Domestic: $67,233,054
International: $79,500,000
Worldwide: $146,733,054

Status: Massive Success.",Evil Dead Rise,https://www.imdb.com/title/tt13345606/,movie,6.5,96,2023,Horror,128557,2023-03-15,Lee Cronin
36,tt4873118,2023-01-01,2023-09-21,"April 21st (MGM) 
Budget: $55,000,000
Opening Weekend: $6,380,188
Domestic: $16,938,039
International: $4,694,353
Worldwide: $21,632,392

Status: Massive Flop.",The Covenant,https://www.imdb.com/title/tt4873118/,movie,7.5,123,2023,"Action, Drama, Thriller, War",147177,2023-04-19,Guy Ritchie
37,tt12758486,2023-02-22,2023-12-27,"April 21st (Disney/Searchlight Pictures)
Budget: 
Opening Weekend: $1,521,288
Domestic: $3,541,159
International: $615,645
Worldwide: $4,156,804

Status: Unknown.",Chevalier,https://www.imdb.com/title/tt12758486/,movie,6.5,108,2022,"Biography, Drama, History, Music",6330,2022-09-11,Stephen Williams
38,tt6875952,2023-07-11,2023-09-21,"April 21st (Sony)
Budget: 
Opening Weekend: $10,832
Domestic: $103,388
International: $280,608
Worldwide: $383,996

Status: Unknown.",Carmen,https://www.imdb.com/title/tt6875952/,movie,5.8,116,2022,"Drama, Musical",936,2022-09-11,Benjamin Millepied
39,tt9185206,2022-06-16,2023-08-29,"April 28th (Lionsgate) 
Budget: $30,000,000
Opening Weekend: $6,739,037
Domestic: $20,372,406
International: $1,091,637
Worldwide: $21,464,043

Status: Massive Flop.","Are You There God? It's Me, Margaret.",https://www.imdb.com/title/tt9185206/,movie,7.4,106,2023,"Comedy, Drama, Family",21157,2023-04-23,Kelly Fremon Craig
40,tt12226632,2022-03-30,2023-06-21,"April 28th (Sony) 
Budget: $32,000,000
Opening Weekend: $2,925,364
Domestic: $5,426,772
International: $604,430
Worldwide: $6,031,202

Status: Massive Flop.",Big George Foreman,https://www.imdb.com/title/tt12226632/,movie,6.6,129,2023,"Biography, Drama, Sport",7398,2023-04-27,George Tillman Jr.
41,tt14846026,2023-03-24,2023-11-28,"April 28th (Lionsgate)
Budget: 
Opening Weekend: $3,330,891
Domestic: $7,265,622
International: $7,015,577
Worldwide: $14,281,199

Status: Unknown.",Sisu,https://www.imdb.com/title/tt14846026/,movie,6.9,91,2022,"Action, War",65715,2022-09-09,Jalmari Helander
42,tt18257464,2023-03-16,2023-12-27,"April 28th (Universal/Focus Features)
Budget: 
Opening Weekend: $817,740
Domestic: $1,595,585
International: $1,048,337
Worldwide: $2,643,922

Status: Unknown.",Polite Society,https://www.imdb.com/title/tt18257464/,movie,6.7,104,2023,"Action, Comedy",8679,2023-01-20,Nida Manzoor
43,tt6791350,2022-03-30,2023-09-14,"May 5th (Disney/Marvel Studios) 
Budget: $250,000,000
Opening Weekend: $118,414,021
Domestic: $358,995,815
International: $486,559,962
Worldwide: $845,555,777

Status: Success.",Guardians of the Galaxy Vol. 3,https://www.imdb.com/title/tt6791350/,movie,7.9,150,2023,"Action, Adventure, Comedy, Sci-Fi",358209,2023-04-19,James Gunn
44,tt10276482,2022-05-05,2023-08-08,"May 5th (Sony) 
Budget: $9,000,000
Opening Weekend: $2,380,962
Domestic: $6,230,837
International: $6,465,747
Worldwide: $12,696,584

Status: Flop.",Love Again,https://www.imdb.com/title/tt10276482/,movie,5.9,104,2023,"Comedy, Drama, Romance",11802,2023-05-05,Jim Strouse
45,tt20768712,2022-08-14,2023-12-27,"May 12th (Universal/Focus Features) 
Budget: $20,000,000
Opening Weekend: $6,677,580
Domestic: $17,581,565
International: $11,431,908
Worldwide: $29,013,473

Status: Flop.",Book Club: The Next Chapter,https://www.imdb.com/title/tt20768712/,movie,5.6,107,2023,Comedy,5921,2023-05-11,Bill Holderman
46,tt6528290,2023-03-15,2023-11-28,"May 12th (Sony)
Budget: $60,000,000
Opening Weekend: $556,794
Domestic: $1,090,155
International: $5,896,022
Worldwide: $6,986,177

Status: Massive Flop.",Knights of the Zodiac,https://www.imdb.com/title/tt6528290/,movie,4.4,112,2023,"Action, Adventure, Drama, Fantasy, Sci-Fi",11194,2023-04-27,Tomasz Baginski
47,tt5433140,2022-03-30,2023-12-27,"May 19th (Universal) 
Budget: $340,000,000
Opening Weekend: $67,017,410
Domestic: $146,126,015
International: $558,749,000
Worldwide: $704,875,015

Status: Flop.",Fast X,https://www.imdb.com/title/tt5433140/,movie,5.8,141,2023,"Action, Adventure, Crime, Mystery, Thriller",107723,2023-05-12,"Justin Lin, Louis Leterrier"
48,tt15364972,2023-11-28,2023-11-28,"May 19th (Neon)
Budget: 
Opening Weekend: $64,971
Domestic: $535,201
International: $46,222
Worldwide: $581,423

Status: Unknown.",Sanctuary,https://www.imdb.com/title/tt15364972/,movie,6.3,96,2022,"Drama, Thriller",7043,2022-09-12,Zachary Wigon
49,tt5971474,2022-03-30,2023-10-19,"May 26th (Disney/Disney Live-actions) 
Budget: $250,000,000
3-Day Opening: $95,578,040
4-Day Opening: $118,818,903
Domestic: $298,172,056
International: $271,454,233
Worldwide: $569,626,289

Status: Flop.",The Little Mermaid,https://www.imdb.com/title/tt5971474/,movie,7.2,135,2023,"Adventure, Family, Fantasy, Musical, Romance",148969,2023-05-08,Rob Marshall
50,tt8373206,2022-10-07,2023-09-21,"May 26th (Lionsgate)
Budget:
3-Day Opening: $4,321,148
4-Day Opening: $5,397,132
Domestic: $12,089,391
International: $6,078,428
Worldwide: $18,167,819

Status: Unknown.",About My Father,https://www.imdb.com/title/tt8373206/,movie,5.7,90,2023,Comedy,10766,2023-05-25,Laura Terruso
51,tt11040844,2023-01-06,2023-07-04,"May 26th (Sony) 
Budget: $20,000,000
3-Day Opening: $5,000,545
4-Day Opening: $5,875,585
Domestic: $10,458,331
International: $205,997
Worldwide: $10,664,328

Status: Massive Flop.",The Machine,https://www.imdb.com/title/tt11040844/,movie,5.8,112,2023,"Action, Comedy",13982,2023-05-24,Peter Atencio
52,tt15771916,2023-03-07,2023-08-29,"May 26th (A24)
Budget:
3-Day Opening: $1,389,158
4-Day Opening: $1,766,201
Domestic: $4,830,788
International: $867,346
Worldwide: $5,698,134

Status: Unknown.",You Hurt My Feelings,https://www.imdb.com/title/tt15771916/,movie,6.6,93,2023,"Comedy, Drama",9371,2023-01-22,Nicole Holofcener
53,tt9362722,2022-04-21,2023-11-28,"June 2nd (Sony) 
Budget: $100,000,000
Opening Weekend: $120,663,589
Domestic: $381,311,319
International: $309,205,354
Worldwide: $690,516,673

Status: Massive Success.",Spider-Man: Across the Spider-Verse,https://www.imdb.com/title/tt9362722/,movie,8.6,140,2023,"Animation, Action, Adventure, Family, Fantasy, Sci-Fi",324718,2023-05-31,"Justin K. Thompson, Kemp Powers, Joaquim Dos Santos"
54,tt3427252,2023-01-20,2023-09-14,"June 2nd (Disney/20th Century Studios) 
Budget: $35,000,000
Opening Weekend: $12,356,486
Domestic: $43,244,282
International: $24,062,961
Worldwide: $67,307,243

Status: Flop.",The Boogeyman,https://www.imdb.com/title/tt3427252/,movie,5.9,98,2023,"Horror, Mystery, Thriller",40508,2023-05-31,Rob Savage
55,tt13238346,2023-03-07,2023-12-27,"June 2nd (A24)
Budget:
Opening Weekend: $232,266
Domestic: $10,923,569
International: $10,183,917
Worldwide: $21,107,486

Status: Unknown.",Past Lives,https://www.imdb.com/title/tt13238346/,movie,8.0,105,2023,"Drama, Romance",55922,2023-01-21,Celine Song
56,tt5090568,2022-03-30,2023-08-22,"June 9th (Paramount) 
Budget: $195,000,000
Opening Weekend: $61,045,464
Domestic: $157,066,392
International: $281,900,000
Worldwide: $438,966,392

Status: Flop.",Transformers: Rise of the Beasts,https://www.imdb.com/title/tt5090568/,movie,6.0,127,2023,"Action, Adventure, Sci-Fi",94044,2023-05-27,Steven Caple Jr.
57,tt0439572,2022-03-30,2023-11-28,"June 16th (Warner Bros.)
Budget: $220,000,000
3-Day Opening: $55,043,679
4-Day Opening: $61,204,480
Domestic: $108,133,313
International: $162,500,000
Worldwide: $270,633,313

Status: Flop.",The Flash,https://www.imdb.com/title/tt0439572/,movie,6.7,144,2023,"Action, Adventure, Fantasy, Sci-Fi",194939,2023-06-14,Andy Muschietti
58,tt15789038,2022-05-18,2023-12-27,"June 16th (Disney/Pixar Animation) 
Budget: $200,000,000
3-Day Opening: $29,602,429
4-Day Opening: $34,906,685
Domestic: $154,426,697
International: $341,880,316
Worldwide: $496,307,013

Status: Flop.",Elemental,https://www.imdb.com/title/tt15789038/,movie,7.0,101,2023,"Animation, Adventure, Comedy, Drama, Family, Fantasy, Romance",107703,2023-05-27,Peter Sohn
59,tt14230388,2022-12-07,2023-12-27,"June 16th (Universal/Focus Features)
Budget: $25,000,000
3-Day Opening: $845,143
4-Day Opening: $1,007,770
Domestic: $28,153,025
International: $25,761,108
Worldwide: $53,914,133

Status: Flop.",Asteroid City,https://www.imdb.com/title/tt14230388/,movie,6.5,105,2023,"Comedy, Drama, Romance, Sci-Fi",95418,2023-05-23,Wes Anderson
60,tt11703244,2022-12-01,2023-09-21,"June 16th (Lionsgate)
Budget: $5,000,000
3-Day Opening: $6,013,131
4-Day Opening: $7,191,098
Domestic: $17,707,207
International: $462,246
Worldwide: $18,169,453

Status: Success.",The Blackening,https://www.imdb.com/title/tt11703244/,movie,6.0,97,2022,"Comedy, Horror, Thriller",16497,2022-09-16,Tim Story
61,tt15671028,2022-07-14,2023-12-27,"June 23rd (Sony) 
Budget: $45,000,000
Opening Weekend: $15,002,770
Domestic: $50,452,282
International: $36,804,125
Worldwide: $87,256,407

Status: Flop.",No Hard Feelings,https://www.imdb.com/title/tt15671028/,movie,6.4,103,2023,"Comedy, Romance",124759,2023-06-15,Gene Stupnitsky
62,tt1462764,2022-03-30,2023-11-28,"June 30th (Disney/LucasFilms) 
Budget: $300,000,000
Opening Weekend: $60,368,101
Domestic: $174,480,468
International: $209,482,589
Worldwide: $383,963,057

Status: Massive Flop.",Indiana Jones and the Dial of Destiny,https://www.imdb.com/title/tt1462764/,movie,6.6,154,2023,"Action, Adventure, Sci-Fi",173586,2023-05-18,James Mangold
63,tt27155038,2023-03-16,2023-12-27,"June 30th (Universal)
Budget: $70,000,000
Opening Weekend: $5,500,990
Domestic: $15,753,600
International: $29,767,603
Worldwide: $45,521,203

Status: Massive Flop.","Ruby Gillman, Teenage Kraken",https://www.imdb.com/title/tt27155038/,movie,5.7,91,2023,"Animation, Action, Adventure, Comedy, Family, Fantasy",8559,2023-06-15,"Kirk DeMicco, Faryn Pearl"
64,tt13405778,2022-07-19,2023-11-28,"July 7th (Sony) 
Budget: $16,000,000
Opening Weekend: $33,013,036
Domestic: $82,156,962
International: $106,929,915
Worldwide: $189,086,877

Status: Massive Success.",Insidious: The Red Door,https://www.imdb.com/title/tt13405778/,movie,5.5,107,2023,"Horror, Mystery, Thriller",45257,2023-06-27,Patrick Wilson
65,tt15268244,2023-04-20,2023-11-28,"July 7th (Lionsgate)
Budget: 
Opening Weekend: $5,806,277
Domestic: $12,897,789
International: $2,890,140
Worldwide: $15,787,929

Status: Unknown.",Joy Ride,https://www.imdb.com/title/tt15268244/,movie,6.4,95,2023,Comedy,19178,2023-03-17,Adele Lim
66,tt9603212,2022-03-30,2023-10-19,"July 12th (Wednesday) (Paramount) 
Budget: $291,000,000
3-Day Opening: $54,688,347
5-Day Opening: $80,004,000
Domestic: $172,135,383
International: $395,400,000
Worldwide: $567,535,383

Status: Flop.",Mission: Impossible - Dead Reckoning Part One,https://www.imdb.com/title/tt9603212/,movie,7.7,163,2023,"Action, Adventure, Thriller",209150,2023-06-19,Christopher McQuarrie
67,tt26224944,2023-05-17,2023-11-28,"July 14th (Sony/Crunchyroll)
Budget: 
Opening Weekend: $210,219
Domestic: $309,757
International: $331,068
Worldwide: $640,825

Status: Unknown.",Psycho-Pass: Providence,https://www.imdb.com/title/tt26224944/,movie,6.9,120,2023,"Animation, Action, Crime, Mystery, Sci-Fi, Thriller",344,2023-05-12,Naoyoshi Shiotani
68,tt21232992,2023-03-11,2023-12-27,"July 14th (Disney/Searchlight Pictures)
Budget: 
Opening Weekend: $301,220
Domestic: $4,009,945
International: $396,429
Worldwide: $4,406,374

Status: Unknown.",Theater Camp,https://www.imdb.com/title/tt21232992/,movie,7.0,92,2023,Comedy,13156,2023-01-21,"Nick Lieberman, Molly Gordon"
69,tt1517268,2022-04-27,2023-12-27,"July 21st (Warner Bros.) 
Budget: $145,000,000
Opening Weekend: $162,022,044
Domestic: $636,220,453
International: $805,600,000
Worldwide: $1,441,820,453

Status: Massive Success.",Barbie,https://www.imdb.com/title/tt1517268/,movie,6.9,114,2023,"Adventure, Comedy, Fantasy",445043,2023-07-09,Greta Gerwig
70,tt15398776,2022-03-30,2023-12-27,"July 21st (Universal) 
Budget: $100,000,000
Opening Weekend: $82,455,420
Domestic: $326,081,985
International: $625,934,000
Worldwide: $952,015,985

Status: Massive Success. ",Oppenheimer,https://www.imdb.com/title/tt15398776/,movie,8.4,180,2023,"Biography, Drama, History",577830,2023-07-11,Christopher Nolan
71,tt9100018,2023-04-09,2023-11-28,"July 21st (Lionsgate)
Budget: 
Opening Weekend: 
Domestic: 
International: $8,052,602
Worldwide: $8,052,602

Status: Unknown.",Cobweb,https://www.imdb.com/title/tt9100018/,movie,6.0,88,2023,"Horror, Thriller",25926,2023-07-20,Samuel Bodin
72,tt1695843,2023-02-17,2023-11-28,"July 28th (Disney)
Budget: $150,000,000
Opening Weekend: $24,082,475
Domestic: $67,653,287
International: $49,796,503
Worldwide: $117,449,790

Status: Massive Flop.",Haunted Mansion,https://www.imdb.com/title/tt1695843/,movie,6.1,123,2023,"Comedy, Drama, Family, Fantasy, Horror, Mystery",39145,2023-07-15,Justin Simien
73,tt10638522,2023-03-07,2023-12-27,"July 28th (A24)
Budget: $4,500,000
Opening Weekend: $10,431,720
Domestic: $48,299,436
International: $43,738,969
Worldwide: $92,038,405

Status: Massive Success.",Talk to Me,https://www.imdb.com/title/tt10638522/,movie,7.1,95,2022,"Horror, Thriller",116637,2022-10-30,"Danny Philippou, Michael Philippou"
74,tt8589698,2022-03-30,2023-11-28,"August 2nd (Wednesday) (Paramount) 
Budget: $70,000,000
3-Day Opening: $28,007,544
5-Day Opening: $43,081,012
Domestic: $118,613,586
International: $61,900,000
Worldwide: $180,513,586

Status: Success.",Teenage Mutant Ninja Turtles: Mutant Mayhem,https://www.imdb.com/title/tt8589698/,movie,7.2,99,2023,"Animation, Action, Adventure, Comedy, Family, Fantasy, Sci-Fi",54211,2023-07-31,"Jeff Rowe, Kyler Spears"
75,tt9224104,2022-03-30,2023-10-19,"August 4th (Warner Bros.)
Budget: $130,000,000
Opening Weekend: $30,002,735
Domestic: $82,600,317
International: $312,400,000
Worldwide: $395,000,317

Status: Success.",Meg 2: The Trench,https://www.imdb.com/title/tt9224104/,movie,5.0,116,2023,"Action, Adventure, Horror, Sci-Fi, Thriller",69613,2023-06-09,Ben Wheatley
76,tt14483774,2023-07-07,2023-11-28,"August 4th (Sony)
Budget: 
Opening Weekend: $300,949
Domestic: $675,257
International: $10,769
Worldwide: $686,026

Status: Unknown.",Shortcomings,https://www.imdb.com/title/tt14483774/,movie,6.5,92,2023,"Comedy, Drama, Romance",2282,2023-01-22,Randall Park
77,tt1001520,2022-03-30,2023-12-05,"August 11th (Universal) 
Budget: $45,000,000
Opening Weekend: $6,504,950
Domestic: $13,637,180
International: $8,148,867
Worldwide: $21,786,047

Status: Massive Flop.",The Last Voyage of the Demeter,https://www.imdb.com/title/tt1001520/,movie,6.1,118,2023,"Fantasy, Horror",40072,2023-08-09,André Øvredal
78,tt9362930,2022-03-30,2023-11-28,"August 18th (Warner Bros.) 
Budget: $104,000,000
Opening Weekend: $25,030,225
Domestic: $72,488,072
International: $56,800,000
Worldwide: $129,288,072

Status: Massive Flop.",Blue Beetle,https://www.imdb.com/title/tt9362930/,movie,6.0,127,2023,"Action, Adventure, Sci-Fi, Thriller",82014,2023-08-16,Angel Manuel Soto
79,tt15153532,2023-05-08,2023-12-27,"August 18th (Universal)
Budget: $46,000,000
Opening Weekend: $8,247,810
Domestic: $23,988,885
International: $12,035,602
Worldwide: $36,024,487

Status: Massive Flop.",Strays,https://www.imdb.com/title/tt15153532/,movie,6.3,93,2023,"Adventure, Comedy",22967,2023-08-17,Josh Greenbaum
80,tt7645334,2023-07-12,2023-09-05,"August 18th (MGM)
Budget: 
Opening Weekend: $96,847
Domestic: $203,403
International: 
Worldwide: $203,403

Status: Unknown.",Landscape with Invisible Hand,https://www.imdb.com/title/tt7645334/,movie,5.9,105,2023,"Comedy, Drama, Sci-Fi",2324,2023-01-23,Cory Finley
81,tt4495098,2022-06-14,2023-12-27,"August 25th (Sony) 
Budget: $60,000,000
Opening Weekend: $17,400,000
Domestic: $44,428,554
International: $77,499,324
Worldwide: $121,927,878

Status: Flop.",Gran Turismo,https://www.imdb.com/title/tt4495098/,movie,7.2,134,2023,"Action, Adventure, Drama, Sport",72978,2023-07-16,Neill Blomkamp
82,tt6906292,2023-07-12,2023-12-27,"August 25th (Lionsgate)
Budget: $20,000,000
Opening Weekend: $3,518,830
Domestic: $6,937,696
International: $11,748,055
Worldwide: $18,685,751

Status: Massive Flop.",Retribution,https://www.imdb.com/title/tt6906292/,movie,5.3,91,2023,"Action, Thriller",15313,2023-08-23,Nimród Antal
83,tt17527468,2023-07-12,2023-12-27,"August 25th (MGM)
Budget: $11,300,000
Opening Weekend: $461,052
Domestic: $12,036,071
International: $896,523
Worldwide: $12,932,594

Status: Early to Tell.",Bottoms,https://www.imdb.com/title/tt17527468/,movie,6.8,91,2023,Comedy,27456,2023-03-11,Emma Seligman
84,tt17024450,2022-04-21,2023-12-27,"September 1st (Sony) 
Budget: $70,000,000
3-Day Opening: $34,600,000
4-Day Opening: $42,750,000
Domestic: $92,373,751
International: $98,617,316
Worldwide: $190,991,067

Status: Success.",The Equalizer 3,https://www.imdb.com/title/tt17024450/,movie,6.8,109,2023,"Action, Crime, Thriller",83445,2023-08-30,Antoine Fuqua
85,tt10160976,2022-08-24,2023-11-28,"September 8th (Warner Bros.)
Budget: $38,500,000
Opening Weekend: $32,603,336
Domestic: $86,267,073
International: $181,800,000
Worldwide: $268,067,073

Status: Massive Success.",The Nun II,https://www.imdb.com/title/tt10160976/,movie,5.6,110,2023,"Horror, Mystery, Thriller",52401,2023-09-06,Michael Chaves
86,tt21103300,2023-02-22,2023-12-27,"September 8th (Universal/Focus Features)
Budget: 
Opening Weekend: $10,028,675
Domestic: $28,496,030
International: $10,320,251
Worldwide: $38,816,281

Status: Unknown.",My Big Fat Greek Wedding 3,https://www.imdb.com/title/tt21103300/,movie,5.2,92,2023,"Comedy, Drama, Romance",7010,2023-09-06,Nia Vardalos
87,tt22687790,2022-10-11,2023-12-27,"September 15th (Disney/20th Century Studios)
Budget: $60,000,000
Opening Weekend: $14,279,529
Domestic: $42,471,412
International: $79,819,044
Worldwide: $122,290,456

Status: Flop.",A Haunting in Venice,https://www.imdb.com/title/tt22687790/,movie,6.5,103,2023,"Crime, Drama, Horror, Mystery, Thriller",91695,2023-09-13,Kenneth Branagh
88,tt13957560,2023-03-10,2023-12-27,"September 15th (Sony)
Budget: 
Opening Weekend: $220,947
Domestic: $13,925,356
International: $6,590,539
Worldwide: $20,515,895

Status: Unknown.",Dumb Money,https://www.imdb.com/title/tt13957560/,movie,6.9,105,2023,"Biography, Comedy, Drama",23265,2023-09-08,Craig Gillespie
89,tt3291150,2022-10-07,2023-12-27,"September 22nd (Lionsgate)
Budget: $100,000,000
Opening Weekend: $8,039,021
Domestic: $16,710,153
International: $21,202,137
Worldwide: $37,912,290

Status: Massive Flop.",Expend4bles,https://www.imdb.com/title/tt3291150/,movie,4.8,103,2023,"Action, Adventure, Thriller, War",29089,2023-09-08,Scott Waugh
90,tt15683734,2023-09-05,2023-12-27,"September 22nd (Neon)
Budget:
Opening Weekend: $2,607,665
Domestic: $4,675,092
International: $2,548,114
Worldwide: $7,223,206

Status: Unknown.",It Lives Inside,https://www.imdb.com/title/tt15683734/,movie,5.2,99,2023,"Drama, Horror, Thriller",5387,2023-03-11,Bishal Dutta
91,tt11858890,2022-06-14,2023-12-27,"September 29th (Disney/20th Century Studios) 
Budget: $80,000,000
Opening Weekend: $14,079,512
Domestic: $40,774,679
International: $63,497,457
Worldwide: $104,272,136

Status: Massive Flop.",The Creator,https://www.imdb.com/title/tt11858890/,movie,6.8,133,2023,"Action, Adventure, Drama, Sci-Fi, Thriller",106208,2023-09-21,Gareth Edwards
92,tt21807222,2022-08-16,2023-12-27,"September 29th (Lionsgate) 
Budget: $13,000,000
Opening Weekend: $18,309,301
Domestic: $53,607,898
International: $56,947,980
Worldwide: $110,555,878

Status: Massive Success.",Saw X,https://www.imdb.com/title/tt21807222/,movie,6.6,118,2023,"Horror, Mystery, Thriller",62780,2023-09-25,Kevin Greutert
93,tt15837338,2022-03-30,2023-12-27,"September 29th (Paramount) 
Budget: $30,000,000
Opening Weekend: $22,764,354
Domestic: $65,231,360
International: $133,700,000
Worldwide: $198,931,360

Status: Massive Success.",PAW Patrol: The Mighty Movie,https://www.imdb.com/title/tt15837338/,movie,6.0,88,2023,"Animation, Action, Adventure, Comedy, Drama, Family, Fantasy, Sci-Fi",4187,2023-09-21,Cal Brunker
94,tt12921446,2022-03-30,2023-12-27,"October 6th (Universal) 
Budget: $30,000,000
Opening Weekend: $26,497,600
Domestic: $65,537,395
International: $70,632,517
Worldwide: $136,169,912

Status: Massive Success.",The Exorcist: Believer,https://www.imdb.com/title/tt12921446/,movie,4.8,111,2023,Horror,33085,2023-10-04,David Gordon Green
95,tt7130916,2023-08-06,2023-12-27,"October 6th (A24)
Budget: 
Opening Weekend: $201,951
Domestic: $1,453,012
International: $18,303
Worldwide: $1,471,315

Status: Unknown.",Dicks: The Musical,https://www.imdb.com/title/tt7130916/,movie,5.5,86,2023,"Comedy, Musical",1806,2023-09-07,Larry Charles
96,tt18363072,2023-09-08,2023-12-27,"October 6th (Neon)
Budget: 
Opening Weekend: $331,010
Domestic: $780,263
International: $277,647
Worldwide: $1,057,910

Status: Unknown.",The Royal Hotel,https://www.imdb.com/title/tt18363072/,movie,5.9,91,2023,Thriller,6378,2023-09-01,Kitty Green
97,tt17009710,2023-09-05,2023-12-27,"October 13th (Neon)
Budget: 
Opening Weekend: $117,848
Domestic: $3,697,360
International: $17,186,854
Worldwide: $20,884,214

Status: Unknown.",Anatomie d'une chute,https://www.imdb.com/title/tt17009710/,movie,7.8,151,2023,"Crime, Drama, Thriller",29311,2023-05-21,Justine Triet
98,tt5537002,2023-08-29,2023-12-27,"October 20th (Apple/Paramount)
Budget: $200,000,000
Opening Weekend: $23,253,655
Domestic: $67,235,408
International: $89,000,000
Worldwide: $156,235,408

Status: Massive Flop.",Killers of the Flower Moon,https://www.imdb.com/title/tt5537002/,movie,7.8,206,2023,"Crime, Drama, History, Mystery, Romance, Western",145300,2023-05-20,Martin Scorsese
99,tt24076146,2023-09-21,2023-12-27,"October 20th (Sony)
Budget: 
Opening Weekend: $75,592
Domestic: $559,820
International: 
Worldwide: $559,820

Status: Unknown.",The Persian Version,https://www.imdb.com/title/tt24076146/,movie,6.4,107,2023,"Comedy, Drama, Romance",1720,2023-01-21,Maryam Keshavarz
100,tt4589218,2023-07-28,2023-12-27,"October 27th (Universal)
Budget: $20,000,000
Opening Weekend: $80,001,720
Domestic: $137,275,620
International: $152,086,000
Worldwide: $289,361,620

Status: Massive Success.",Five Nights at Freddy's,https://www.imdb.com/title/tt4589218/,movie,5.5,109,2023,"Horror, Mystery, Thriller",80939,2023-10-25,Emma Tammi
101,tt22041854,2023-08-29,2023-12-27,"October 27th (A24)
Budget: 
Opening Weekend: $132,139
Domestic: $20,864,910
International: $76,003
Worldwide: $20,940,913

Status: Unknown.",Priscilla,https://www.imdb.com/title/tt22041854/,movie,6.7,113,2023,"Biography, Drama, Music, Romance",12502,2023-09-04,Sofia Coppola
102,tt14849194,2023-02-24,2023-12-27,"October 27th (Universal/Focus Features)
Budget: 
Opening Weekend: $211,093
Domestic: $17,815,495
International: $792,577
Worldwide: $18,608,072

Status: Unknown.",The Holdovers,https://www.imdb.com/title/tt14849194/,movie,8.0,133,2023,"Comedy, Drama",39200,2023-08-31,Alexander Payne
103,tt8002382,2023-09-02,2023-12-27,"November 3rd (Lionsgate)
Budget: 
Opening Weekend: $849,006
Domestic: $1,792,905
International: $1,209,010
Worldwide: $3,001,915

Status: Unknown.",The Marsh King's Daughter,https://www.imdb.com/title/tt8002382/,movie,5.8,109,2023,"Crime, Drama, Mystery, Thriller",5280,2023-09-28,Neil Burger
104,tt11534720,2023-09-15,2023-12-05,"November 3rd (A24)
Budget: 
Opening Weekend: $11,127
Domestic: $52,084
International: 
Worldwide: $52,084

Status: Unknown.",All Dirt Roads Taste of Salt,https://www.imdb.com/title/tt11534720/,movie,6.0,92,2023,Drama,508,2023-01-22,Raven Jackson
105,tt10676048,2023-02-17,2023-12-27,"November 10th (Disney/Marvel Studios)
Budget: $220,000,000
Opening Weekend: $46,110,859
Domestic: $84,425,017
International: $121,153,414
Worldwide: $205,578,431

Status: Massive Flop.",The Marvels,https://www.imdb.com/title/tt10676048/,movie,5.8,105,2023,"Action, Adventure, Fantasy",66972,2023-11-08,Nia DaCosta
106,tt21942866,2023-08-14,2023-12-27,"November 10th (A24)
Budget: 
Opening Weekend: $220,035
Domestic: $5,591,254
International: $1,185,784
Worldwide: $6,777,038

Status: Unknown.",Dream Scenario,https://www.imdb.com/title/tt21942866/,movie,7.1,102,2023,"Comedy, Horror",20008,2023-09-09,Kristoffer Borgli
107,tt13848804,2023-04-03,2023-12-27,"November 10th (Sony)
Budget: $6,000,000
Opening Weekend: $2,400,446
Domestic: $6,805,964
International: $498,573
Worldwide: $7,304,537

Status: Massive Flop.",Journey to Bethlehem,https://www.imdb.com/title/tt13848804/,movie,6.4,99,2023,"Adventure, Family, Musical",1709,2023-11-10,Adam Anders
108,tt10545296,2022-04-28,2023-12-27,"November 17th (Lionsgate) 
Budget: $100,000,000
Opening Weekend: $44,607,143
Domestic: $153,337,500
International: $162,000,000
Worldwide: $315,337,500

Status: Success.",The Hunger Games: The Ballad of Songbirds & Snakes,https://www.imdb.com/title/tt10545296/,movie,6.9,157,2023,"Action, Adventure, Drama, Sci-Fi, Thriller, War",75449,2023-11-05,Francis Lawrence
109,tt14362112,2022-03-30,2023-12-27,"November 17th (Universal)
Budget: $95,000,000
Opening Weekend: $30,002,525
Domestic: $93,342,165
International: $97,950,000
Worldwide: $191,292,165

Status: On Track to be a Flop.",Trolls Band Together,https://www.imdb.com/title/tt14362112/,movie,6.0,91,2023,"Animation, Adventure, Comedy, Family, Fantasy, Music",8580,2023-10-12,"Walt Dohrn, Tim Heitz"
110,tt1448754,2023-04-03,2023-12-27,"November 17th (Sony)
Budget: $15,000,000
Opening Weekend: $10,306,272
Domestic: $31,780,973
International: $12,323,198
Worldwide: $44,104,171

Status: Success.",Thanksgiving,https://www.imdb.com/title/tt1448754/,movie,6.5,106,2023,"Horror, Mystery, Thriller",25723,2023-11-04,Eli Roth
111,tt10767052,2023-04-14,2023-12-27,"November 17th (Disney/Searchlight Pictures)
Budget: $14,000,000
Opening Weekend: $2,500,295
Domestic: $6,713,826
International: $969,650
Worldwide: $7,683,476

Status: Massive Flop.",Next Goal Wins,https://www.imdb.com/title/tt10767052/,movie,6.6,104,2023,"Comedy, Drama, Sport",4843,2023-09-10,Taika Waititi
112,tt17351924,2023-07-27,2023-12-27,"November 17th (Amazon)
Budget: 
Opening Weekend: $322,651
Domestic: $11,010,120
International: $8,103,135
Worldwide: $19,113,255

Status: Unknown.",Saltburn,https://www.imdb.com/title/tt17351924/,movie,7.2,131,2023,"Comedy, Drama, Thriller",69648,2023-08-31,Emerald Fennell
113,tt11304740,2022-03-30,2023-12-27,"November 22nd (Wednesday) (Thanksgiving) (Disney Animation) 
Budget: $200,000,000
3-Day Opening: $19,698,228
5-Day Opening: $31,609,340
Domestic: $57,743,376
International: $89,107,597
Worldwide: $146,850,973

Status: Massive Flop.",Wish,https://www.imdb.com/title/tt11304740/,movie,5.8,95,2023,"Animation, Adventure, Comedy, Family, Fantasy, Musical",12904,2023-11-08,"Chris Buck, Fawn Veerasunthorn"
114,tt13287846,2023-04-03,2023-12-27,"November 22nd (Wednesday) (Apple/Sony)
Budget: $200,000,000
3-Day Opening: $20,638,887
5-Day Opening: $32,752,716
Domestic: $59,455,761
International: $139,200,000
Worldwide: $198,655,761

Status: Massive Flop.",Napoleon,https://www.imdb.com/title/tt13287846/,movie,6.6,158,2023,"Action, Adventure, Biography, Drama, History, War",73360,2023-11-14,Ridley Scott
115,tt15799866,2023-09-23,2023-12-27,"December 1st (Lionsgate)
Budget: 
Opening Weekend: $3,010,207
Domestic: $7,867,100
International: $2,693,969
Worldwide: $10,561,069

Status: Unknown.",Silent Night,https://www.imdb.com/title/tt15799866/,movie,5.4,104,2023,"Action, Thriller",12459,2023-11-29,John Woo
116,tt5198890,2023-09-05,2023-12-27,"December 1st (Neon)
Budget: 
Opening Weekend: $93,290
Domestic: $1,415,384
International: $125,135
Worldwide: $1,540,519

Status: Unknown.",Eileen,https://www.imdb.com/title/tt5198890/,movie,6.5,97,2023,"Drama, Mystery, Thriller",3388,2023-01-21,William Oldroyd
117,tt14230458,2023-04-28,2023-12-27,"December 8th (Disney/Searchlight Pictures)
Budget: 
Opening Weekend: $661,230
Domestic: $5,870,031
International: 
Worldwide: $5,870,031

Status: Unknown.",Poor Things,https://www.imdb.com/title/tt14230458/,movie,8.5,141,2023,"Comedy, Drama, Romance, Sci-Fi",15803,2023-09-01,Yorgos Lanthimos
118,tt6166392,2022-03-30,2023-12-27,"December 15th (Warner Bros.)
Budget: $125,000,000
Opening Weekend: $39,005,800
Domestic: $85,852,717
International: $177,600,000
Worldwide: $263,452,717

Status: On Track to be a Success.",Wonka,https://www.imdb.com/title/tt6166392/,movie,7.3,116,2023,"Adventure, Comedy, Family, Fantasy, Musical",49910,2023-11-28,Paul King
119,tt23561236,2023-09-21,2023-12-27,"December 15th (MGM)
Budget: 
Opening Weekend: $224,469
Domestic: $913,771
International: 
Worldwide: $913,771

Status: Unknown.",American Fiction,https://www.imdb.com/title/tt23561236/,movie,7.7,117,2023,"Comedy, Drama",2315,2023-09-08,Cord Jefferson
120,tt7160372,2023-08-07,2023-12-27,"December 15th (A24)
Budget: 
Opening Weekend: $129,934
Domestic: $312,384
International: 
Worldwide: $312,384

Status: Unknown.",The Zone of Interest,https://www.imdb.com/title/tt7160372/,movie,8.0,105,2023,"Drama, History, War",2672,2023-05-19,Jonathan Glazer
121,tt9663764,2022-08-24,2023-12-27,"December 22nd (Warner Bros.)
Budget: 205,000,000
Opening Weekend: $27,700,000
4-Day Opening: $38,300,000
Domestic: $38,300,000
International: $94,900,000
Worldwide: $133,200,000

Status: On Track to be a Flop.",Aquaman and the Lost Kingdom,https://www.imdb.com/title/tt9663764/,movie,6.0,124,2023,"Action, Adventure, Fantasy, Sci-Fi",22516,2023-12-20,James Wan
122,tt6495056,2022-03-30,2023-12-27,"December 22nd (Universal) 
Budget: $72,000,000
Opening Weekend: $12,453,275
4-Day Opening: $17,813,055
Domestic: $17,813,055
International: $21,960,000
Worldwide: $39,773,055

Status: Early to Tell.",Migration,https://www.imdb.com/title/tt6495056/,movie,6.9,83,2023,"Animation, Action, Adventure, Comedy, Family, Fantasy",4262,2023-10-19,"Benjamin Renner, Guylo Homsy"
123,tt26047818,2023-05-05,2023-12-27,"December 22nd (Sony)
Budget: $25,000,000
Opening Weekend: $6,000,000
4-Day Opening: $8,050,000
Domestic: $8,050,000
International: 
Worldwide: $8,050,000

Status: Early to Tell.",Anyone But You,https://www.imdb.com/title/tt26047818/,movie,6.6,103,2023,"Comedy, Romance",4689,2023-12-15,Will Gluck
124,tt21064584,2023-07-27,2023-12-27,"December 22nd (A24)
Budget: $15,900,000
Opening Weekend: $4,868,370
4-Day Opening: $6,799,075
Domestic: $6,799,075
International: 
Worldwide: $6,799,075

Status: Early to Tell.",The Iron Claw,https://www.imdb.com/title/tt21064584/,movie,8.1,132,2023,"Biography, Drama, Sport",7896,2023-11-08,Sean Durkin
125,tt21192142,2023-08-07,2023-12-27,"December 22nd (Disney/Searchlight Pictures)
Budget: 
3-Day Opening: $117,965
4-Day Opening: $153,272
Domestic: $153,272
International: 
Worldwide: $153,272

Status: Unknown.",All of Us Strangers,https://www.imdb.com/title/tt21192142/,movie,8.1,105,2023,"Drama, Fantasy, Romance",2302,2023-08-31,Andrew Haigh
126,tt20420628,2023-10-08,2023-12-27,"December 22nd (Sony)
Budget: 
Opening Weekend: $45,590
Domestic: $45,590
International: 
Worldwide: $45,590

Status: Unknown.",Freud's Last Session,https://www.imdb.com/title/tt20420628/,movie,6.8,108,2023,Drama,157,2023-10-27,Matt Brown
127,tt1200263,2022-03-30,2023-04-05,December 25th (Monday) (Warner Bros.) ,The Color Purple,https://www.imdb.com/title/tt1200263/,movie,7.8,141,2023,"Drama, Musical",2952,2023-10-27,Blitz Bazawule
128,tt1856080,2023-06-03,2023-06-03,December 25th (Monday) (MGM),The Boys in the Boat,https://www.imdb.com/title/tt1856080/,movie,7.3,123,2023,"Biography, Drama, Sport",2470,2023-12-07,George Clooney
129,tt3758542,2023-09-05,2023-09-05,December 25th (Monday) (Neon),Ferrari,https://www.imdb.com/title/tt3758542/,movie,6.8,130,2023,"Biography, Drama, History",7534,2023-08-31,Michael Mann
130,tt26612950,2023-11-26,2023-11-26,December 25th (Monday) (Sony),Das Lehrerzimmer,https://www.imdb.com/title/tt26612950/,movie,7.5,98,2023,Drama,3370,2023-02-18,Ilker Çatak
